{"cameraMode":{"drawMode":0,"name":"Shaded","section":"Shading Mode"},"sceneLighting":true,"audioPlay":false,"sceneViewState":{"m_AlwaysRefresh":false,"showFog":true,"showSkybox":true,"showFlares":true,"showImageEffects":true,"showParticleSystems":true,"showVisualEffectGraphs":true,"m_FxEnabled":true},"in2DMode":false,"pivot":{"x":-5.812500953674316,"y":10.34815502166748,"z":3.226757049560547},"rotation":{"x":0.22922676801681519,"y":-0.018147246912121774,"z":0.004316513892263174,"w":0.9732759594917297},"size":15.984084129333496,"orthographic":false}