{"cameraMode":{"drawMode":0,"name":"Shaded","section":"Shading Mode"},"sceneLighting":false,"audioPlay":false,"sceneViewState":{"m_AlwaysRefresh":false,"showFog":true,"showSkybox":false,"showFlares":true,"showImageEffects":true,"showParticleSystems":true,"showVisualEffectGraphs":true,"m_FxEnabled":true},"in2DMode":false,"pivot":{"x":-44.120262145996097,"y":4.124627113342285,"z":0.015700340270996095},"rotation":{"x":0.044782835990190509,"y":-0.37421715259552,"z":0.018075399100780488,"w":0.9261302947998047},"size":2.985731601715088,"orthographic":false}